id,name,host_source_id,host_source,type,logo_100px,ios_appstore_url,android_playstore_url,android_scheme,ios_scheme,regions
203,Netflix,,,sub,https://cdn.watchmode.com/provider_logos/netflix_100px.png,http://itunes.apple.com/app/netflix/id363590051,https://play.google.com/store/apps/details?id=com.netflix.mediaclient&hl=en,nflx,nflx,"['CH', 'US', 'CA', 'GB', 'AU', 'BR', 'ES', 'AT', 'CL', 'DE', 'FR', 'IS', 'AR', 'BE', 'BG', 'CO', 'CZ', 'DK', 'EC', 'EE', 'FI', 'GR', 'HK', 'HR', 'HU', 'ID', 'IE', 'IL', 'IN', 'IT', 'JP', 'KR', 'LT', 'MX', 'MY', 'NO', 'NZ', 'PA', 'PE', 'PH', 'PL', 'PT', 'RO', 'RS', 'SE', 'SG', 'TH', 'TR', 'UA', 'ZA', 'AE', 'VN', 'NL', 'RU']"
157,Hulu,,,sub,https://cdn.watchmode.com/provider_logos/hulu_100px.png,http://itunes.apple.com/app/hulu-plus/id376510438,https://play.google.com/store/apps/details?id=com.hulu.plus,hulu,hulu,"['JP', 'US']"
387,HBO Max,,,sub,https://cdn.watchmode.com/provider_logos/max_100px.png,,,android-app,wbdstreaming,"['AR', 'AT', 'AU', 'BE', 'BG', 'BR', 'CH', 'CL', 'CO', 'CZ', 'DE', 'DK', 'EC', 'EE', 'ES', 'FI', 'FR', 'GB', 'HK', 'HR', 'HU', 'ID', 'IE', 'IL', 'IS', 'IT', 'LT', 'MX', 'MY', 'NL', 'NO', 'NZ', 'PA', 'PE', 'PH', 'PL', 'PT', 'RO', 'RS', 'SE', 'SG', 'TH', 'TR', 'US']"
26,Prime Video,,,sub,https://cdn.watchmode.com/provider_logos/prime_video_100px.png,http://itunes.apple.com/app/amazon-instant-video/id545519333,http://amazon.com/GetAndroidVideo,intent,aiv,"['US', 'ES', 'DK', 'FI', 'SE', 'PE', 'CL', 'PA', 'NO', 'AT', 'GB', 'CA', 'AU', 'IT', 'AR', 'BE', 'FR', 'DE', 'IE', 'NL', 'NZ', 'ZA', 'CH', 'IS', 'BR', 'MX', 'CO', 'EC', 'PT', 'JP', 'RO', 'IN', 'PH', 'VN', 'HU', 'LT', 'AE', 'CZ', 'HK', 'HR', 'ID', 'MY', 'RS', 'TH', 'TR', 'BG', 'IL', 'UA', 'GR', 'KR', 'SG', 'PL', 'EE', 'RU']"
372,Disney+,,,sub,https://cdn.watchmode.com/provider_logos/disneyPlus_100px.png,https://apps.apple.com/app/disney/id1446075923,,disneyplus,disneyplus,"['US', 'GB', 'AR', 'BE', 'CH', 'CL', 'CO', 'DE', 'DK', 'EC', 'ES', 'FI', 'FR', 'IS', 'JP', 'MX', 'NL', 'NO', 'NZ', 'PE', 'PT', 'SE', 'CA', 'AU', 'BR', 'AT', 'IT', 'LT', 'BG', 'CZ', 'EE', 'GR', 'HR', 'HK', 'HU', 'KR', 'PA', 'PL', 'RO', 'RS', 'SG', 'TR', 'IE', 'PH']"
371,AppleTV+,,,sub,https://cdn.watchmode.com/provider_logos/appleTvPlus_100px.png,,,,,"['US', 'CA', 'GB', 'AU', 'BR', 'CH', 'CO', 'DK', 'EC', 'ES', 'HU', 'ID', 'IN', 'LT', 'MY', 'NL', 'NO', 'NZ', 'PE', 'PH', 'PL', 'RU', 'SE', 'UA', 'AR', 'BE', 'BG', 'CL', 'CZ', 'DE', 'EE', 'FI', 'FR', 'GR', 'HK', 'IE', 'IL', 'JP', 'KR', 'MX', 'PA', 'PT', 'SG', 'TH', 'VN', 'ZA', 'AE', 'AT', 'IT']"
409,BBC iPlayer,,,free,https://cdn.watchmode.com/provider_logos/409_generic_v4.png,,,,bbciplayer,['GB']
392,Hayu,,,sub,https://cdn.watchmode.com/provider_logos/392_generic_v4.png,,,,hayuapp,"['GB', 'CA', 'AU', 'ES', 'BE', 'NL', 'IT', 'FR', 'DE', 'AT', 'DK', 'FI', 'IE', 'NO', 'PL', 'SG', 'SE', 'CH']"
444,Paramount+,,,sub,https://cdn.watchmode.com/provider_logos/paramountPlus_100px.png,,,pplus,pplus,"['US', 'CA', 'BR', 'AR', 'CO', 'MX', 'FR', 'AU', 'GB', 'CH', 'DE', 'AT', 'IT', 'IE', 'CL', 'EC', 'PA', 'PE']"
455,Paramount+ with Showtime,,,sub,https://cdn.watchmode.com/provider_logos/paramountPlusShowtime_100px.png,,,pplus,pplus,['US']
393,Crave,,,sub,https://cdn.watchmode.com/provider_logos/393_generic_v4.png,,,,onemainstream.HTNJ5TAR,['CA']
388,Peacock,,,free,https://cdn.watchmode.com/provider_logos/peacock_100px.png,,,peacock,peacock,['US']
389,Peacock Premium,,,sub,https://cdn.watchmode.com/provider_logos/peacockPremium_100px.png,,,peacock,peacock,['US']
365,Amazon Freevee,,,free,https://cdn.watchmode.com/provider_logos/freevee_100px.png,,,intent,aiv,"['GB', 'US', 'DE', 'AT']"
440,Netflix Free,,,free,https://cdn.watchmode.com/provider_logos/netflixFree_100px.png,http://itunes.apple.com/app/netflix/id363590051,https://play.google.com/store/apps/details?id=com.netflix.mediaclient&hl=en,nflx,nflx,['US']
395,Crave Starz,,,sub,https://cdn.watchmode.com/provider_logos/395_generic_v4.png,,,,onemainstream.HTNJ5TAR,['CA']
425,Stan,,,sub,https://cdn.watchmode.com/provider_logos/425_generic_v4.png,,,,stan,['AU']
232,STARZ,,,sub,https://cdn.watchmode.com/provider_logos/starz_100px.png,http://itunes.apple.com/app/starz-play/id550221096,https://play.google.com/store/apps/details?id=com.bydeluxe.d3.android.program.starz,starz,starz,['US']
402,CBC Gem,,,free,https://cdn.watchmode.com/provider_logos/402_generic_v4.png,,,,cbctv,['CA']
424,Foxtel Now,,,sub,https://cdn.watchmode.com/provider_logos/424_generic_v4.png,,,,,['AU']
408,Sky Go,,,sub,https://cdn.watchmode.com/provider_logos/408_generic_v4.png,,,skygo,skygo,"['GB', 'IE', 'IT', 'DE', 'AT']"
454,HBO MAX Free,,,free,https://cdn.watchmode.com/provider_logos/max_100px.png,,,hbomax,hbomax,['BR']
108,MGM+,,,sub,https://cdn.watchmode.com/provider_logos/mgmplus_100px.png,https://apps.apple.com/us/app/mgm/id1387514950,https://play.google.com/store/apps/details?id=com.epix.epix.now&hl=en_US&gl=US,epixnow,epixnow,['US']
406,Now TV,,,sub,https://cdn.watchmode.com/provider_logos/406_generic_v4.png,,,nowtv,nowtv,"['GB', 'IT', 'IE']"
407,All 4,,,free,https://cdn.watchmode.com/provider_logos/407_generic_v4.png,,,intent,all4,"['GB', 'IE']"
423,BINGE,,,sub,https://cdn.watchmode.com/provider_logos/423_generic_v4.png,,,,,['AU']
419,Britbox UK,,,sub,https://cdn.watchmode.com/provider_logos/419_generic_v4.png,,,,,['GB']
296,Tubi TV,,,free,https://cdn.watchmode.com/provider_logos/tubi_100px.png,http://itunes.apple.com/app/tubi-tv-watch-free-movies/id886445756,https://play.google.com/store/apps/details?id=com.tubitv,tubitv,tubitv,"['US', 'CA', 'AU', 'GB', 'MX', 'IN']"
10,ABC,,,tve,https://cdn.watchmode.com/provider_logos/abc_100px.png,http://itunes.apple.com/app/abc-player/id364191819,https://play.google.com/store/apps/details?id=com.disney.datg.videoplatforms.android.abc,abcplayer,abcplayer,['US']
13,AMC,,,tve,https://cdn.watchmode.com/provider_logos/amc_100px.png,http://itunes.apple.com/app/amc-latest-full-episodes-extras/id1025120568,https://play.google.com/store/apps/details?id=com.amctve.amcfullepisodes,amcmobileapp,amcmobileapp,['US']
467,Arrow Video Channel,,,sub,https://cdn.watchmode.com/provider_logos/467_generic_v4.png,,,,,"['US', 'CA', 'GB']"
462,Fawesome,,,free,https://cdn.watchmode.com/provider_logos/462_generic_v4.png,,,,,['US']
122,FX,,,tve,https://cdn.watchmode.com/provider_logos/fx_100px.png,http://itunes.apple.com/app/fxnow/id767268733,https://play.google.com/store/apps/details?id=com.fxnetworks.fxnow,x-fxnow,x-fxnow,['US']
367,Kanopy,,,sub,https://cdn.watchmode.com/provider_logos/kanopy_100px.png,http://itunes.apple.com/app/kanopy/id1205614510,https://play.google.com/store/apps/details?id=com.kanopy,,,['US']
192,NBC,,,tve,https://cdn.watchmode.com/provider_logos/nbc_100px.png,http://itunes.apple.com/app/nbc/id442839435,https://play.google.com/store/apps/details?id=com.nbcuni.nbc,nbctve,nbctve,['US']
464,SkyShowtime,,,sub,https://cdn.watchmode.com/provider_logos/skyshowtime_100px.png,,,,,"['NL', 'PL', 'ES', 'DK', 'FI', 'NO', 'PT', 'SE']"
299,USA,,,tve,https://cdn.watchmode.com/provider_logos/usa_100px.png,http://itunes.apple.com/app/usa-now/id661695783,https://play.google.com/store/apps/details?id=com.usanetwork.watcher,usatve,usatve,['US']
465,Videoland,,,sub,https://cdn.watchmode.com/provider_logos/465_generic_v4.png,,,,,['NL']
369,Youtube Premium,,,free,https://cdn.watchmode.com/provider_logos/youtubePremium_100px.png,http://itunes.apple.com/app/youtube/id544007664,https://play.google.com/store/apps/details?id=com.google.android.youtube,,youtube,"['US', 'CA', 'GB', 'AU', 'ES', 'BE', 'DE', 'NZ', 'IT', 'FR', 'MX', 'AT', 'DK', 'FI', 'IE', 'NO', 'PT', 'SE', 'CH']"
368,Youtube Premium,,,sub,https://cdn.watchmode.com/provider_logos/youtubePremium_100px.png,http://itunes.apple.com/app/youtube/id544007664,https://play.google.com/store/apps/details?id=com.google.android.youtube,,youtube,['US']
80,Crunchyroll Premium,,,sub,https://cdn.watchmode.com/provider_logos/crunchyroll_100px.png,http://itunes.apple.com/app/crunchyroll-watch-anime-drama/id329913454,https://play.google.com/store/apps/details?id=com.crunchyroll.crunchyroid,crunchyroll,crunchyroll,"['US', 'CA', 'IN', 'BE', 'FR', 'CH', 'AU', 'BR', 'ES', 'AT', 'IT', 'AR', 'DE', 'NL', 'NZ', 'PT', 'SE', 'SG', 'GB', 'CO', 'DK', 'FI', 'IS', 'IE', 'MX', 'NO', 'PL', 'ZA', 'KR']"
456,Movistar+,,,sub,https://cdn.watchmode.com/provider_logos/moviestarPlus_100px.png,,,,,['ES']
439,Plex,,,free,https://cdn.watchmode.com/provider_logos/439_generic_v4.png,,,,,"['US', 'CA']"
451,Topic,,,sub,https://cdn.watchmode.com/provider_logos/451_generic_v4.png,,,,,"['US', 'CA']"
366,The Criterion Channel,,,sub,https://cdn.watchmode.com/provider_logos/criterion_100px.png,http://apps.apple.com/app/the-criterion-channel/id1454275199,https://play.google.com/store/apps/details?id=com.criterionchannel,vhxcriterionchannel,vhxcriterionchannel,"['US', 'CA']"
457,FILMIN,,,sub,https://cdn.watchmode.com/provider_logos/filmin_100px.png,,,,,"['ES', 'PT']"
125,Fandor,,,sub,https://cdn.watchmode.com/provider_logos/fandor_100px.png,http://itunes.apple.com/app/fandor-movies-watch-only-great/id474930762,https://play.google.com/store/apps/details?id=com.fandor.android,,,"['CA', 'US']"
252,Shudder,,,sub,https://cdn.watchmode.com/provider_logos/shudder_100px.png,http://itunes.apple.com/app/shudder-screams-on-demand/id919790315,https://play.google.com/store/apps/details?id=com.dramafever.shudder,,onemainstream.A7TIV9SL,"['CA', 'AU', 'NZ', 'US', 'GB', 'IE']"
318,WWE Network,,,sub,https://cdn.watchmode.com/provider_logos/wwe_100px.png,http://itunes.apple.com/app/wwe/id551798799,https://play.google.com/store/apps/details?id=com.wwe.universe,wwe,wwe,"['US', 'GB']"
349,AppleTV,,,purchase,https://cdn.watchmode.com/provider_logos/apple_100px.png,,,,itms,"['US', 'CA', 'GB', 'JP', 'DE', 'AT', 'CH', 'AU', 'BE', 'FR', 'DK', 'FI', 'IE', 'NO', 'SE', 'IT', 'BR', 'ES', 'NL', 'AR', 'CO', 'MX', 'PL', 'NZ', 'PT', 'SG', 'ZA', 'IN']"
215,PBS,,,free,https://cdn.watchmode.com/provider_logos/pbs_100px.png,http://itunes.apple.com/app/pbs-video/id398349296,,,,['US']
140,Google Play,,,purchase,https://cdn.watchmode.com/provider_logos/googlePlay_100px.png,,https://play.google.com/store,3UEP7s9KQQTEtkn53jO2dQ,,"['AU', 'BR', 'CA', 'GB', 'US']"
24,Amazon,,,purchase,https://cdn.watchmode.com/provider_logos/amazon_100px.png,http://itunes.apple.com/app/amazon-instant-video/id545519333,http://amazon.com/GetAndroidVideo,intent,aiv,"['AR', 'AT', 'AU', 'BE', 'BR', 'CA', 'CH', 'CO', 'DE', 'DK', 'ES', 'FI', 'FR', 'GB', 'IE', 'IN', 'IS', 'IT', 'JP', 'MX', 'NL', 'NO', 'NZ', 'PL', 'PT', 'SE', 'SG', 'US', 'ZA']"
307,Fandango at Home,,,purchase,https://cdn.watchmode.com/provider_logos/fandangoAtHome_100px.png,http://itunes.apple.com/app/vudu-player-movies-tv/id487285735,https://play.google.com/store/apps/details?id=air.com.vudu.air.DownloaderTablet,vuduapp,vuduapp,['US']
344,YouTube,,,purchase,https://cdn.watchmode.com/provider_logos/youtube_100px.png,http://itunes.apple.com/app/youtube/id544007664,https://play.google.com/store/apps/details?id=com.google.android.youtube,,youtube,"['AU', 'CA', 'DE', 'FR', 'GB', 'IN', 'PL', 'PT', 'US']"
452,The Roku Channel,,,free,https://cdn.watchmode.com/provider_logos/452_generic_v4.png,,,,,['US']
270,Syfy,,,tve,https://cdn.watchmode.com/provider_logos/syfy_100px.png,http://itunes.apple.com/app/syfy-now/id378092432,https://play.google.com/store/apps/details?id=com.nbcu.tve.syfy,android-app,syfytve,['US']
271,Syfy,,,free,https://cdn.watchmode.com/provider_logos/syfy_100px.png,http://itunes.apple.com/app/syfy-now/id378092432,https://play.google.com/store/apps/details?id=com.nbcu.tve.syfy,syfytve,syfytve,['US']
18,Acorn TV (Via Amazon Prime),24.0,Amazon,sub,https://cdn.watchmode.com/provider_logos/acorn_tv_prime_100px.png,http://itunes.apple.com/app/amazon-instant-video/id5455193,http://amazon.com/GetAndroidVideo,intent,aiv,"['US', 'CA', 'NL', 'MX', 'ES', 'AU', 'GB']"
647,Acorn TV Apple TV Channel,522.0,Apple TV,sub,https://cdn.watchmode.com/provider_logos/647_generic_v4.png,,,,,"['AU', 'CA', 'ES', 'GB', 'US']"
614,ADN Amazon Channel,24.0,Amazon,sub,https://cdn.watchmode.com/provider_logos/614_generic_v4.png,,,,,"['DE', 'FR']"
625,AMC Plus Apple TV Channel,522.0,Apple TV,sub,https://cdn.watchmode.com/provider_logos/625_generic_v4.png,,,,,"['AU', 'CA', 'ES', 'US']"
613,AMC+ Amazon Channel,24.0,Amazon,sub,https://cdn.watchmode.com/provider_logos/613_generic_v4.png,,,,,"['AU', 'CA', 'ES', 'US']"
662,Anime Generation Amazon Channel,24.0,Amazon,sub,https://cdn.watchmode.com/provider_logos/662_generic_v4.png,,,,,['IT']
612,AppleTV+ Amazon Channel,24.0,Amazon,sub,https://cdn.watchmode.com/provider_logos/612_generic_v4.png,,,,,"['AR', 'AT', 'AU', 'BE', 'BR', 'CA', 'CO', 'DE', 'ES', 'FI', 'FR', 'GB', 'IN', 'IT', 'JP', 'MX', 'NL', 'NZ', 'PL', 'SE', 'US']"
626,ARD Plus Apple TV Channel,522.0,Apple TV,sub,https://cdn.watchmode.com/provider_logos/626_generic_v4.png,,,,,['DE']
663,Atresplayer Amazon Channel,24.0,Amazon,sub,https://cdn.watchmode.com/provider_logos/663_generic_v4.png,,,,,['MX']
658,AXN Black Amazon Channel,24.0,Amazon,sub,https://cdn.watchmode.com/provider_logos/658_generic_v4.png,,,,,"['AT', 'DE']"
649,BBC Player Amazon Channel,24.0,Amazon,sub,https://cdn.watchmode.com/provider_logos/649_generic_v4.png,,,,,"['DE', 'IN']"
68,Cinemax (Via Amazon Prime),24.0,Amazon,sub,https://cdn.watchmode.com/provider_logos/cinemax_prime_100px.png,http://itunes.apple.com/app/amazon-instant-video/id5455193,http://amazon.com/GetAndroidVideo,intent,aiv,['US']
683,Crunchyroll Roku Channel,452.0,The Roku Channel,sub,https://cdn.watchmode.com/provider_logos/683_generic_v4.png,,,,,['US']
81,Curiosity Stream (Via Amazon Prime),24.0,Amazon,sub,https://cdn.watchmode.com/provider_logos/curiosity_stream_100px.png,http://itunes.apple.com/app/amazon-instant-video/id5455193,http://amazon.com/GetAndroidVideo,,aiv,"['US', 'GB']"
126,Fandor (Via Amazon Prime),24.0,Amazon,sub,https://cdn.watchmode.com/provider_logos/126_generic_v4.png,http://itunes.apple.com/app/amazon-instant-video/id5455193,http://amazon.com/GetAndroidVideo,,aiv,"['US', 'GB']"
624,FOD Channel Amazon Channel,24.0,Amazon,sub,https://cdn.watchmode.com/provider_logos/624_generic_v4.png,,,,,['JP']
660,France TV Amazon Channel,24.0,Amazon,sub,https://cdn.watchmode.com/provider_logos/660_generic_v4.png,,,,,['FR']
358,Hallmark Movies Now (Via Amazon Prime),24.0,Amazon,sub,https://cdn.watchmode.com/provider_logos/358_generic_v4.png,http://itunes.apple.com/app/amazon-instant-video/id5455193,http://amazon.com/GetAndroidVideo,intent,aiv,['US']
641,HBO Max on U-NEXT,508.0,U-NEXT,sub,https://cdn.watchmode.com/provider_logos/641_generic_v4.png,,,,,['JP']
148,HISTORY Vault (Via Amazon Prime),24.0,Amazon,sub,https://cdn.watchmode.com/provider_logos/history_vault_100px.png,http://itunes.apple.com/app/amazon-instant-video/id5455193,http://amazon.com/GetAndroidVideo,,aiv,['US']
648,HISTORY Vault Apple TV Channel,522.0,Apple TV,sub,https://cdn.watchmode.com/provider_logos/648_generic_v4.png,,,,,['US']
634,Hulu on Disney+,372.0,Disney+,sub,https://cdn.watchmode.com/provider_logos/634_generic_v4.png,,,,,['US']
615,ITVX Amazon Channel,24.0,Amazon,sub,https://cdn.watchmode.com/provider_logos/615_generic_v4.png,,,,,['GB']
664,Kocowa Amazon Channel,24.0,Amazon,sub,https://cdn.watchmode.com/provider_logos/664_generic_v4.png,,,,,['US']
490,HBO Max (Via Amazon Prime),24.0,Amazon,sub,https://cdn.watchmode.com/provider_logos/490_generic_v4.png,,,,,"['AT', 'AU', 'BE', 'BR', 'CO', 'DE', 'ES', 'FR', 'GB', 'IE', 'IT', 'MX', 'NL', 'NZ', 'SE', 'US']"
622,RTL+ Max Amazon Channel,24.0,Amazon,sub,https://cdn.watchmode.com/provider_logos/622_generic_v4.png,,,,,['DE']
659,Seven Entertainment Amazon Channel,24.0,Amazon,sub,https://cdn.watchmode.com/provider_logos/659_generic_v4.png,,,,,"['AT', 'DE']"
247,Shout! Factory TV (Via Amazon Prime),24.0,Amazon,sub,https://cdn.watchmode.com/provider_logos/247_generic_v4.png,http://itunes.apple.com/app/amazon-instant-video/id5455193,http://amazon.com/GetAndroidVideo,,aiv,"['US', 'GB']"
253,Shudder (Via Amazon Prime),24.0,Amazon,sub,https://cdn.watchmode.com/provider_logos/shudder_prime_100px.png,http://itunes.apple.com/app/amazon-instant-video/id5455193,http://amazon.com/GetAndroidVideo,intent,aiv,"['US', 'AU', 'GB', 'CA']"
643,SkyShowtime on TV 2 Play,574.0,TV 2,sub,https://cdn.watchmode.com/provider_logos/643_generic_v4.png,,,,,['DK']
645,Sony One Amazon Channel,24.0,Amazon,sub,https://cdn.watchmode.com/provider_logos/645_generic_v4.png,,,,,"['AR', 'BR', 'CO', 'MX']"
661,Sony Pictures Amazon Channel,24.0,Amazon,sub,https://cdn.watchmode.com/provider_logos/661_generic_v4.png,,,,,['IN']
234,STARZ (Via Amazon Prime),24.0,Amazon,sub,https://cdn.watchmode.com/provider_logos/starz_amazon_prime_100px.png,http://itunes.apple.com/app/amazon-instant-video/id5455193,http://amazon.com/GetAndroidVideo,,aiv,['US']
269,SundanceNow Doc Club (Via Amazon Prime),24.0,Amazon,sub,https://cdn.watchmode.com/provider_logos/269_generic_v4.png,http://itunes.apple.com/app/amazon-instant-video/id5455193,http://amazon.com/GetAndroidVideo,intent,aiv,"['CA', 'US', 'GB']"
644,ViX Premium Amazon Channel,24.0,Amazon,sub,https://cdn.watchmode.com/provider_logos/644_generic_v4.png,,,,,"['AR', 'CO', 'MX', 'US']"
642,WOW Fiction Amazon Channel,24.0,Amazon,sub,https://cdn.watchmode.com/provider_logos/642_generic_v4.png,,,,,['DE']
646,ZDF Krimi Amazon Channel,24.0,Amazon,sub,https://cdn.watchmode.com/provider_logos/646_generic_v4.png,,,,,"['AT', 'DE']"
623,ZDF Select Amazon Channel,24.0,Amazon,sub,https://cdn.watchmode.com/provider_logos/623_generic_v4.png,,,,,['DE']
443,Spectrum On Demand,,,sub,https://cdn.watchmode.com/provider_logos/443_generic_v4.png,https://apps.apple.com/app/spectrum-tv/id420455839,,,,['US']
442,DirecTV On Demand,,,sub,https://cdn.watchmode.com/provider_logos/directv_on_demand_100px.png,https://apps.apple.com/app/directv/id307386350,,,directv,['US']
427,7plus,,,free,https://cdn.watchmode.com/provider_logos/427_generic_v4.png,,,,seven,['AU']
426,9Now,,,free,https://cdn.watchmode.com/provider_logos/426_generic_v4.png,,,,ninenow,['AU']
7,A&E,,,free,https://cdn.watchmode.com/provider_logos/ae_100px.png,http://itunes.apple.com/app/a-e/id571711580,https://play.google.com/store/apps/details?id=com.aetn.aetv.watch,aetvplus,aetvplus,['US']
8,A&E,,,tve,https://cdn.watchmode.com/provider_logos/ae_100px.png,http://itunes.apple.com/app/a-e/id571711580,https://play.google.com/store/apps/details?id=com.aetn.aetv.watch,aetvplus,aetvplus,['US']
428,ABC iview,,,free,https://cdn.watchmode.com/provider_logos/428_generic_v4.png,,,,iview,['AU']
17,Acorn TV,,,sub,https://cdn.watchmode.com/provider_logos/acorn_tv_100px.png,http://itunes.apple.com/app/acorn-tv/id896014310,,,acorn,"['GB', 'US', 'CA', 'AU', 'NZ']"
19,Adult Swim,,,free,https://cdn.watchmode.com/provider_logos/adultswim_100px.png,http://itunes.apple.com/app/adult-swim/id417871100,https://play.google.com/store/apps/details?id=com.adultswim.videoapp.android,adultswim,adultswim,['US']
20,Adult Swim,,,tve,https://cdn.watchmode.com/provider_logos/adultswim_100px.png,http://itunes.apple.com/app/adult-swim/id417871100,https://play.google.com/store/apps/details?id=com.adultswim.videoapp.android,adultswim,adultswim,['US']
12,AHC GO,,,tve,https://cdn.watchmode.com/provider_logos/ahc_100px.png,http://itunes.apple.com/app/id1111279987,https://play.google.com/store/apps/details?id=com.discovery.ahcgo,ahc-go,ahc-go,['US']
506,Allente,,,sub,https://cdn.watchmode.com/provider_logos/506_generic_v4.png,,,,,['DK']
461,Amazon MX Player,24.0,Amazon,free,https://cdn.watchmode.com/provider_logos/461_generic_v4.png,,,,,['IN']
378,AMC+,,,sub,https://cdn.watchmode.com/provider_logos/378_generic_v4.png,http://itunes.apple.com/app/amc-stream-tv-shows-movies/id1025120568,https://play.google.com/store/apps/details?id=com.amctve.amcfullepisodes,amcmobileapp,amcmobileapp,"['AU', 'CA', 'NZ', 'US']"
30,Animal Planet GO,,,tve,https://cdn.watchmode.com/provider_logos/apgo_100px.png,http://itunes.apple.com/app/id1101434093,https://play.google.com/store/apps/details?id=com.discovery.aplgo,apl-go,apl-go,['US']
551,Animation Digital Network,,,sub,https://cdn.watchmode.com/provider_logos/551_generic_v4.png,,,,,"['DE', 'FR']"
572,Anime Times Amazon Channel,24.0,Amazon,sub,https://cdn.watchmode.com/provider_logos/572_generic_v4.png,,,,,"['IN', 'JP']"
602,Aniverse Amazon Channel,24.0,Amazon,sub,https://cdn.watchmode.com/provider_logos/602_generic_v4.png,,,,,"['AT', 'DE']"
522,Apple TV,,,sub,https://cdn.watchmode.com/provider_logos/522_generic_v4.png,,,,,['US']
686,ARD Mediathek,,,free,https://cdn.watchmode.com/provider_logos/686_generic_v4.png,,,,,['DE']
567,ARD Plus,,,sub,https://cdn.watchmode.com/provider_logos/567_generic_v4.png,,,,,['DE']
532,ARD Plus (Via Amazon Prime),24.0,Amazon,sub,https://cdn.watchmode.com/provider_logos/532_generic_v4.png,,,,,"['AT', 'CH', 'DE']"
566,Arrow Video Amazon Channel,24.0,Amazon,sub,https://cdn.watchmode.com/provider_logos/566_generic_v4.png,,,,,['GB']
546,Atres Player,,,sub,https://cdn.watchmode.com/provider_logos/546_generic_v4.png,,,,,['ES']
32,BBC America,,,tve,https://cdn.watchmode.com/provider_logos/bbc_america_100px.png,itms-apps:/itunes.apple.com/us/app/bbc-america/id1089249069,https://play.google.com/store/apps/details?id=com.bbca.bbcafullepisodes,,bbcatvapp,['US']
437,Beamafilm,,,sub,https://cdn.watchmode.com/provider_logos/437_generic_v4.png,,,,,"['AU', 'NZ']"
595,beIN Sports,,,sub,https://cdn.watchmode.com/provider_logos/595_generic_v4.png,,,,,['AU']
34,BET,,,tve,https://cdn.watchmode.com/provider_logos/bet_100px.png,http://itunes.apple.com/app/bet-now-watch-shows/id841118013,https://play.google.com/store/apps/details?id=com.bet.shows,betnetworkapp,betnetworkapp,['US']
382,BET+,,,sub,https://cdn.watchmode.com/provider_logos/betplus_100px.png,http://itunes.apple.com/app/id1456618978,https://play.google.com/store/apps/details?id=com.viacom.betplus,android-app,betplus,['US']
410,BFI Player,,,sub,https://cdn.watchmode.com/provider_logos/410_generic_v4.png,,,vhxbritishfilminstitute,vhxbritishfilminstitute,['GB']
494,Blockbuster,,,purchase,https://cdn.watchmode.com/provider_logos/494_generic_v4.png,,,,,"['DK', 'FI', 'NO', 'SE']"
568,blue TV,,,purchase,https://cdn.watchmode.com/provider_logos/568_generic_v4.png,,,,,['CH']
46,Bravo,,,tve,https://cdn.watchmode.com/provider_logos/bravo_100px.png,http://itunes.apple.com/app/bravo-now/id383925190,https://play.google.com/store/apps/details?id=com.nbcu.tve.bravo,bravotve,bravotve,['US']
376,Britbox,,,sub,https://cdn.watchmode.com/provider_logos/britbox_100px.png,,,,,"['GB', 'US', 'CA', 'AU', 'DK', 'FI', 'NO', 'SE']"
377,Britbox (Via Amazon Prime),24.0,Amazon,sub,https://cdn.watchmode.com/provider_logos/britbox_primeVideo_100px.png,,,intent,aiv,"['US', 'CA', 'AU', 'SE', 'GB']"
496,Canal VOD,,,purchase,https://cdn.watchmode.com/provider_logos/496_generic_v4.png,,,,,['FR']
517,Canal+,,,sub,https://cdn.watchmode.com/provider_logos/517_generic_v4.png,,,,,"['AT', 'CH', 'FR', 'NL', 'PL']"
62,Cartoon Network,,,tve,https://cdn.watchmode.com/provider_logos/cn_100px.png,http://itunes.apple.com/app/watch-cartoon-network-videos/id404593641,https://play.google.com/store/apps/details?id=com.turner.cnvideoapp,cartoonnetwork,cartoonnetwork,['US']
63,Cartoon Network,,,free,https://cdn.watchmode.com/provider_logos/cn_100px.png,http://itunes.apple.com/app/watch-cartoon-network-videos/id404593641,https://play.google.com/store/apps/details?id=com.turner.cnvideoapp,cartoonnetwork,cartoonnetwork,['US']
665,CBC Gem Subscription,,,sub,https://cdn.watchmode.com/provider_logos/665_generic_v4.png,,,,,['CA']
50,CBS,,,free,https://cdn.watchmode.com/provider_logos/cbs_100px.png,http://itunes.apple.com/app/cbs/id530168168,https://play.google.com/store/apps/details?id=com.cbs.app,cbs,cbs,['US']
53,CBS News,,,free,https://cdn.watchmode.com/provider_logos/cbs_news_100px.png,http://itunes.apple.com/app/cbs-news/id334256223,https://play.google.com/store/apps/details?id=com.treemolabs.apps.cbsnews,,,['US']
604,CDA Premium,,,sub,https://cdn.watchmode.com/provider_logos/604_generic_v4.png,,,,,['PL']
441,Chili,,,purchase,https://cdn.watchmode.com/provider_logos/441_generic_v4.png,,,,,"['GB', 'PL', 'IT']"
384,Cinemax (Via Hulu),157.0,Hulu,sub,https://cdn.watchmode.com/provider_logos/384_generic_v4.png,,,hulu,hulu,['US']
397,Cineplex,,,purchase,https://cdn.watchmode.com/provider_logos/397_generic_v4.png,,,,com.cineplex.store.tv.product:?movieId=815732,['CA']
481,Cineverse,,,free,https://cdn.watchmode.com/provider_logos/481_generic_v4.png,,,,,"['CA', 'US']"
667,Cineverse Subscription,,,sub,https://cdn.watchmode.com/provider_logos/667_generic_v4.png,,,,,['US']
618,Cinu,,,sub,https://cdn.watchmode.com/provider_logos/618_generic_v4.png,,,,,['CH']
473,Citytv+,,,sub,https://cdn.watchmode.com/provider_logos/473_generic_v4.png,,,,,['CA']
484,Citytv+ (Via Amazon Prime),24.0,Amazon,sub,https://cdn.watchmode.com/provider_logos/484_generic_v4.png,,,,,['CA']
549,Claro tv+,,,sub,https://cdn.watchmode.com/provider_logos/549_generic_v4.png,,,,,['BR']
449,Clarovideo,,,sub,https://cdn.watchmode.com/provider_logos/449_generic_v4.png,,,,,"['BR', 'AR', 'CO', 'MX']"
476,Club Illico,,,sub,https://cdn.watchmode.com/provider_logos/476_generic_v4.png,,,,,['CA']
483,Crave (Via Amazon Prime),24.0,Amazon,sub,https://cdn.watchmode.com/provider_logos/483_generic_v4.png,,,,,['CA']
79,Crunchyroll,,,free,https://cdn.watchmode.com/provider_logos/crunchyroll_100px.png,http://itunes.apple.com/app/crunchyroll-watch-anime-drama/id329913454,https://play.google.com/store/apps/details?id=com.crunchyroll.crunchyroid,crunchyroll,crunchyroll,"['CA', 'US', 'GB']"
491,Crunchyroll Premium (Via Amazon Prime),24.0,Amazon,sub,https://cdn.watchmode.com/provider_logos/491_generic_v4.png,,,,,"['AR', 'AT', 'AU', 'BE', 'BR', 'CA', 'CH', 'CO', 'DE', 'DK', 'ES', 'FI', 'FR', 'GB', 'IE', 'IN', 'IT', 'MX', 'NL', 'NO', 'NZ', 'PL', 'PT', 'SE', 'US']"
403,CTV,,,free,https://cdn.watchmode.com/provider_logos/403_generic_v4.png,,,,,['CA']
421,Curiosity Stream,,,sub,https://cdn.watchmode.com/provider_logos/421_generic_v4.png,,,,curiositystream,"['AR', 'BE', 'CO', 'CA', 'DE', 'FI', 'IS', 'NO', 'PL', 'AT', 'ZA', 'AE', 'BG', 'CH', 'CL', 'CZ', 'EC', 'GR', 'HK', 'HR', 'HU', 'ID', 'IL', 'MY', 'PA', 'PE', 'PH', 'PT', 'RO', 'RS', 'RU', 'TH', 'TR', 'UA', 'VN', 'IT', 'US', 'GB', 'AU', 'BR', 'DK', 'EE', 'ES', 'FR', 'IE', 'IN', 'JP', 'KR', 'NL', 'NZ', 'SE', 'SG', 'LT', 'MX']"
412,Curzon Home Cinema,,,purchase,https://cdn.watchmode.com/provider_logos/412_generic_v4.png,,,,,"['GB', 'IE']"
284,The CW,,,free,https://cdn.watchmode.com/provider_logos/cw_100px.png,http://itunes.apple.com/app/the-cw-network/id491730359,https://play.google.com/store/apps/details?id=com.cw.fullepisodes.android,cwtv,cwtv,['US']
573,dAnime Amazon Channel,24.0,Amazon,sub,https://cdn.watchmode.com/provider_logos/573_generic_v4.png,,,,,"['IT', 'JP', 'US']"
405,Darkmatter TV,,,sub,https://cdn.watchmode.com/provider_logos/405_generic_v4.png,,,,darkmatter,"['US', 'CA']"
530,DAZN,,,sub,https://cdn.watchmode.com/provider_logos/530_generic_v4.png,,,,,['US']
86,Destination America GO,,,tve,https://cdn.watchmode.com/provider_logos/dest_america_go_100px.png,http://itunes.apple.com/app/id1111281674,https://play.google.com/store/apps/details?id=com.discovery.damgo,dam-go,dam-go,['US']
520,DIRECTV Stream,,,sub,https://cdn.watchmode.com/provider_logos/520_generic_v4.png,,,,,['US']
91,Discovery GO,,,tve,https://cdn.watchmode.com/provider_logos/discovery_go_100px.png,http://itunes.apple.com/app/id1039067950,https://play.google.com/store/apps/details?id=com.discovery.discoverygo,discovery-go,dsc-go,['US']
93,Discovery Life GO,,,tve,https://cdn.watchmode.com/provider_logos/discover_life_go_100px.png,http://itunes.apple.com/app/id1111281680,https://play.google.com/store/apps/details?id=com.discovery.dlfgo,dlf-go,dlf-go,['US']
445,Discovery+,,,sub,https://cdn.watchmode.com/provider_logos/445_generic_v4.png,,,,discoveryplus,"['AT', 'CA', 'DE', 'GB', 'IE', 'IN', 'IT', 'US']"
493,Discovery+ (Via Amazon Prime),24.0,Amazon,sub,https://cdn.watchmode.com/provider_logos/493_generic_v4.png,,,,,"['AT', 'CA', 'DE', 'GB', 'IN', 'IT', 'US']"
639,Elisa Viihde,,,sub,https://cdn.watchmode.com/provider_logos/639_generic_v4.png,,,,,['FI']
526,ESPN,,,tve,https://cdn.watchmode.com/provider_logos/526_generic_v4.png,,,,,['US']
525,ESPN Deportes,,,tve,https://cdn.watchmode.com/provider_logos/525_generic_v4.png,,,,,['US']
521,ESPN+,,,sub,https://cdn.watchmode.com/provider_logos/521_generic_v4.png,,,,,['US']
585,F1TV Pro,,,sub,https://cdn.watchmode.com/provider_logos/585_generic_v4.png,,,,,['CA']
308,Fandango at Home Free,,,free,https://cdn.watchmode.com/provider_logos/fandangoAtHome_100px.png,http://itunes.apple.com/app/vudu-player-movies-tv/id487285735,https://play.google.com/store/apps/details?id=air.com.vudu.air.DownloaderTablet,vuduapp,vuduapp,['US']
436,Fetch TV,,,purchase,https://cdn.watchmode.com/provider_logos/436_generic_v4.png,,,,,['AU']
617,filmingo,,,purchase,https://cdn.watchmode.com/provider_logos/617_generic_v4.png,,,,,"['AT', 'CH', 'DE']"
422,Flix Premiere,,,sub,https://cdn.watchmode.com/provider_logos/422_generic_v4.png,,,,,"['US', 'GB']"
399,FlixFling,,,sub,https://cdn.watchmode.com/provider_logos/flixfling_100px.png,,,,,"['US', 'CA']"
531,Flo Rugby,,,sub,https://cdn.watchmode.com/provider_logos/531_generic_v4.png,,,,,['US']
516,FOD,,,sub,https://cdn.watchmode.com/provider_logos/516_generic_v4.png,,,,,['JP']
131,Food Network,,,free,https://cdn.watchmode.com/provider_logos/foodnet_100px.png,,,,,['US']
114,FOX,,,tve,https://cdn.watchmode.com/provider_logos/fox_100px.png,http://itunes.apple.com/app/fox-now/id571096102,https://play.google.com/store/apps/details?id=com.fox.now,,foxapp,['US']
115,FOX,,,free,https://cdn.watchmode.com/provider_logos/fox_100px.png,http://itunes.apple.com/app/fox-now/id571096102,https://play.google.com/store/apps/details?id=com.fox.now,,,['US']
563,FOX One,,,sub,https://cdn.watchmode.com/provider_logos/563_generic_v4.png,,,,,['US']
564,FOX One Amazon Channel,24.0,Amazon,sub,https://cdn.watchmode.com/provider_logos/564_generic_v4.png,,,,,['US']
527,Fox Sports 1,,,tve,https://cdn.watchmode.com/provider_logos/527_generic_v4.png,,,,,['US']
361,Freeform,,,free,https://cdn.watchmode.com/provider_logos/freeform_100px.png,http://itunes.apple.com/app/abc-family/id505728417,https://play.google.com/store/apps/details?id=com.disney.datg.videoplatforms.android.abcf,,,['US']
132,Freeform,,,tve,https://cdn.watchmode.com/provider_logos/freeform_100px.png,http://itunes.apple.com/app/abc-family/id505728417,https://play.google.com/store/apps/details?id=com.disney.datg.videoplatforms.android.abcf,,abcfamilyplayer,['US']
505,Freenet meinVOD,,,purchase,https://cdn.watchmode.com/provider_logos/505_generic_v4.png,,,,,['DE']
373,fuboTV,,,sub,https://cdn.watchmode.com/provider_logos/fuboTV_100px.png,,,,,"['ES', 'US', 'CA']"
347,fyi,,,free,https://cdn.watchmode.com/provider_logos/fyi_logo_100px.png,http://itunes.apple.com/app/fyi-tv/id887597381,,,fyiplus,['US']
348,fyi,,,tve,https://cdn.watchmode.com/provider_logos/fyi_logo_100px.png,http://itunes.apple.com/app/fyi-tv/id887597381,,fyiplus,fyiplus,['US']
475,Global TV,,,free,https://cdn.watchmode.com/provider_logos/475_generic_v4.png,,,,,['CA']
448,Globoplay,,,sub,https://cdn.watchmode.com/provider_logos/448_generic_v4.png,,,,,['BR']
401,GuideDoc,,,sub,https://cdn.watchmode.com/provider_logos/401_generic_v4.png,,,,,"['DE', 'US', 'CA', 'GB', 'AU', 'ES', 'IN', 'NL', 'IT', 'MX', 'NZ', 'KR', 'AT', 'DK', 'IE', 'PL', 'SG', 'CH', 'FI', 'NO', 'SE', 'ZA']"
151,Hallmark Channel Everywhere,,,tve,https://cdn.watchmode.com/provider_logos/hallmark_100px.png,http://itunes.apple.com/app/hallmark-channel-everywhere/id739360888,https://play.google.com/store/apps/details?id=com.hallmarkchannel.awe,,,['US']
152,Hallmark Movies Now,,,sub,https://cdn.watchmode.com/provider_logos/hallmark_movies_now_100px.png,http://itunes.apple.com/app/feeln-movies-together/id472567577,https://play.google.com/store/apps/details?id=com.feeln.android,None/details/TV_SHOW_EPISODE/item/MEET2008,com.spiritclips.sc,['US']
492,Hayu (Via Amazon Prime),24.0,Amazon,sub,https://cdn.watchmode.com/provider_logos/492_generic_v4.png,,,,,"['AT', 'AU', 'BE', 'CA', 'DE', 'ES', 'FI', 'FR', 'GB', 'IT', 'NL', 'NZ', 'PL', 'PT', 'SE']"
385,HBO (Via Hulu),157.0,Hulu,sub,https://cdn.watchmode.com/provider_logos/385_generic_v4.png,,,hulu,hulu,['US']
147,HGTV,,,free,https://cdn.watchmode.com/provider_logos/hgtv_100px.png,,,,,['US']
420,HiDive,,,sub,https://cdn.watchmode.com/provider_logos/420_generic_v4.png,,,,,"['US', 'CA']"
287,The History Channel,,,tve,https://cdn.watchmode.com/provider_logos/history_100px.png,http://itunes.apple.com/app/history/id576009463,https://play.google.com/store/apps/details?id=com.aetn.history.watch,historyplus,historyplus,['US']
288,The History Channel,,,free,https://cdn.watchmode.com/provider_logos/history_100px.png,http://itunes.apple.com/app/history/id576009463,https://play.google.com/store/apps/details?id=com.aetn.history.watch,historyplus,historyplus,['US']
600,HistoryPlay Amazon Channel,24.0,Amazon,sub,https://cdn.watchmode.com/provider_logos/600_generic_v4.png,,,,,"['AT', 'DE', 'GB', 'IT', 'JP']"
400,Hollywood Suite,,,sub,https://cdn.watchmode.com/provider_logos/400_generic_v4.png,,,,,['CA']
390,Hoopla,,,sub,https://cdn.watchmode.com/provider_logos/390_generic_v4.png,,,,,"['US', 'CA', 'AU', 'NZ']"
447,JioHotstar,,,sub,https://cdn.watchmode.com/provider_logos/447_generic_v4.png,,,,,"['IN', 'SG']"
460,Hungama Play,,,sub,https://cdn.watchmode.com/provider_logos/460_generic_v4.png,,,,,['IN']
396,ICI TOU.TV,,,sub,https://cdn.watchmode.com/provider_logos/396_generic_v4.png,,,toutv,toutv,['CA']
160,IFC,,,tve,https://cdn.watchmode.com/provider_logos/ifc_100px.png,,,,,['US']
165,Investigation Discovery,,,free,https://cdn.watchmode.com/provider_logos/165_generic_v4.png,,,,ids-go,['US']
166,Investigation Discovery GO,,,tve,https://cdn.watchmode.com/provider_logos/id_100px.png,http://itunes.apple.com/app/id1101436941,https://play.google.com/store/apps/details?id=com.discovery.idsgo,ids-go,ids-go,['US']
413,ITVX,,,sub,https://cdn.watchmode.com/provider_logos/413_generic_v4.png,,,itvplayer,itvplayer,['GB']
543,ITVX Premium,,,sub,https://cdn.watchmode.com/provider_logos/543_generic_v4.png,,,,,['GB']
497,Joyn,,,free,https://cdn.watchmode.com/provider_logos/497_generic_v4.png,,,,,"['AT', 'DE']"
657,Joyn Plus,,,sub,https://cdn.watchmode.com/provider_logos/657_generic_v4.png,,,,,"['AT', 'DE']"
587,K League TV,,,sub,https://cdn.watchmode.com/provider_logos/587_generic_v4.png,,,,,"['CA', 'GB']"
593,Kayo Sports,,,sub,https://cdn.watchmode.com/provider_logos/593_generic_v4.png,,,,,['AU']
470,Kocowa,,,sub,https://cdn.watchmode.com/provider_logos/470_generic_v4.png,,,,,"['AT', 'AU', 'BE', 'BR', 'CA', 'CH', 'DE', 'DK', 'ES', 'FI', 'FR', 'GB', 'IE', 'IT', 'MX', 'NL', 'NO', 'NZ', 'PL', 'PT', 'SE', 'US']"
654,KQED,,,free,https://cdn.watchmode.com/provider_logos/654_generic_v4.png,,,,,['US']
170,Lifetime,,,free,https://cdn.watchmode.com/provider_logos/lifetime_100px.png,http://itunes.apple.com/app/lifetime/id579966222,https://play.google.com/store/apps/details?id=com.aetn.lifetime.watch,lifetimeplus,lifetimeplus,['US']
171,Lifetime,,,tve,https://cdn.watchmode.com/provider_logos/lifetime_100px.png,http://itunes.apple.com/app/lifetime/id579966222,https://play.google.com/store/apps/details?id=com.aetn.lifetime.watch,lifetimeplus,lifetimeplus,['US']
533,Lionsgate+ (Via Amazon Prime),24.0,Amazon,sub,https://cdn.watchmode.com/provider_logos/533_generic_v4.png,,,,,"['AR', 'AT', 'AU', 'BR', 'CA', 'CH', 'CO', 'DE', 'DK', 'ES', 'FI', 'FR', 'GB', 'IE', 'IN', 'IT', 'MX', 'NL', 'NO', 'NZ', 'PL', 'PT', 'SE', 'US']"
169,LOGO,,,tve,https://cdn.watchmode.com/provider_logos/logo_100px.png,http://itunes.apple.com/app/logotv/id795019155,https://play.google.com/store/apps/details?id=com.mtvn.logoandroid,,,['US']
550,M6+,,,free,https://cdn.watchmode.com/provider_logos/550_generic_v4.png,,,,,['FR']
538,Magenta TV+,,,sub,https://cdn.watchmode.com/provider_logos/538_generic_v4.png,,,,,['DE']
512,MagentaTV,,,sub,https://cdn.watchmode.com/provider_logos/512_generic_v4.png,,,,,['DE']
488,maxdome Store,,,purchase,https://cdn.watchmode.com/provider_logos/488_generic_v4.png,,,,,"['AT', 'DE']"
636,Mediaset Infinity,,,sub,https://cdn.watchmode.com/provider_logos/636_generic_v4.png,,,,,['IT']
684,meJane,,,purchase,https://cdn.watchmode.com/provider_logos/684_generic_v4.png,,,,,['NL']
510,Mercado Play,,,free,https://cdn.watchmode.com/provider_logos/510_generic_v4.png,,,,,"['AR', 'BR', 'CO', 'MX']"
375,MGM+ (Via Amazon Prime),24.0,Amazon,sub,https://cdn.watchmode.com/provider_logos/mgmplus_primevideo_100px.png,,,,aiv,"['AT', 'AU', 'BE', 'BR', 'CA', 'CO', 'DE', 'ES', 'FI', 'FR', 'GB', 'IN', 'IT', 'JP', 'MX', 'NL', 'NZ', 'PL', 'SE', 'US']"
479,MHz Choice,,,sub,https://cdn.watchmode.com/provider_logos/479_generic_v4.png,,,,,"['CA', 'US']"
523,MLB.TV,,,sub,https://cdn.watchmode.com/provider_logos/523_generic_v4.png,,,,,['US']
504,MovistarTV,,,sub,https://cdn.watchmode.com/provider_logos/504_generic_v4.png,,,,,"['AR', 'CO']"
178,MTV,,,tve,https://cdn.watchmode.com/provider_logos/mtv_100px.png,http://itunes.apple.com/app/mtv/id422366403,https://play.google.com/store/apps/details?id=com.mtvn.mtvPrimeAndroid,,,['US']
179,MTV,,,free,https://cdn.watchmode.com/provider_logos/mtv_100px.png,http://itunes.apple.com/app/mtv/id422366403,https://play.google.com/store/apps/details?id=com.mtvn.mtvPrimeAndroid,mtvnetworkapp,mtvnetworkapp,['US']
553,MTV Katsomo,,,sub,https://cdn.watchmode.com/provider_logos/553_generic_v4.png,,,,,['FI']
181,MUBI,,,sub,https://cdn.watchmode.com/provider_logos/mubi_100px.png,http://itunes.apple.com/app/mubi/id626148774,https://play.google.com/store/apps/details?id=com.mubi,,mubi,"['MX', 'NO', 'US', 'CA', 'GB', 'ES', 'JP', 'KR', 'AE', 'AT', 'BG', 'CH', 'DK', 'EE', 'FI', 'GR', 'HK', 'HR', 'HU', 'ID', 'IE', 'IL', 'MY', 'PH', 'PL', 'RO', 'RS', 'SE', 'SG', 'TH', 'UA', 'ZA', 'DE', 'IS', 'PT', 'VN', 'AR', 'CO', 'CL', 'LT', 'PA', 'FR', 'TR', 'PE', 'BE', 'IN', 'NL', 'BR', 'AU', 'IT', 'NZ', 'RU', 'EC']"
418,My5,,,free,https://cdn.watchmode.com/provider_logos/418_generic_v4.png,,,my5,my5,['GB']
198,National Geographic,,,free,https://cdn.watchmode.com/provider_logos/natgeo_100px.png,,,,,['US']
199,National Geographic,,,tve,https://cdn.watchmode.com/provider_logos/natgeo_100px.png,,,,,['US']
190,NBA League Pass,,,sub,https://cdn.watchmode.com/provider_logos/190_generic_v4.png,http://itunes.apple.com/app/nba/id335744614,https://play.google.com/store/apps/details?id=com.nbadigital.gametimelite,,,['US']
191,NBC,,,free,https://cdn.watchmode.com/provider_logos/nbc_100px.png,http://itunes.apple.com/app/nbc/id442839435,https://play.google.com/store/apps/details?id=com.nbcuni.nbc,nbctve,nbctve,['US']
194,NBC News,,,tve,https://cdn.watchmode.com/provider_logos/nbc_news_100px.png,http://itunes.apple.com/app/nbc-news/id319740707,https://play.google.com/store/apps/details?id=com.zumobi.msnbc,,,['US']
507,Neon TV,,,sub,https://cdn.watchmode.com/provider_logos/507_generic_v4.png,,,,,['NZ']
651,NFL Sunday Ticket,,,sub,https://cdn.watchmode.com/provider_logos/651_generic_v4.png,,,,,['US']
650,NFL+,,,sub,https://cdn.watchmode.com/provider_logos/650_generic_v4.png,,,,,['US']
466,NLZIET,,,sub,https://cdn.watchmode.com/provider_logos/466_generic_v4.png,,,,,['NL']
477,Noovo,,,free,https://cdn.watchmode.com/provider_logos/477_generic_v4.png,,,,,['CA']
640,NPO Plus,,,sub,https://cdn.watchmode.com/provider_logos/640_generic_v4.png,,,,,['NL']
599,NRK TV,,,free,https://cdn.watchmode.com/provider_logos/599_generic_v4.png,,,,,['NO']
586,NWSL+,,,sub,https://cdn.watchmode.com/provider_logos/586_generic_v4.png,,,,,"['CA', 'GB']"
480,OnDemandKorea,,,free,https://cdn.watchmode.com/provider_logos/480_generic_v4.png,,,,,"['AR', 'US']"
594,Optus Sport,,,sub,https://cdn.watchmode.com/provider_logos/594_generic_v4.png,,,,,['AU']
518,Orange VOD,,,purchase,https://cdn.watchmode.com/provider_logos/518_generic_v4.png,,,,,['FR']
214,Oxygen,,,tve,https://cdn.watchmode.com/provider_logos/oxygen_100px.png,http://itunes.apple.com/app/oxygen-now/id700797306,https://play.google.com/store/apps/details?id=com.nbcu.tve.oxygen,oxygentve,oxygentve,['US']
435,OzFlix,,,purchase,https://cdn.watchmode.com/provider_logos/435_generic_v4.png,,,,,['AU']
221,Paramount Network,,,tve,https://cdn.watchmode.com/provider_logos/paramount_network_100px.png,http://itunes.apple.com/app/paramount-network/id906788127,https://play.google.com/store/apps/details?id=com.vmn.android.spike,paramountnetwork,paramountnetwork,['US']
489,Paramount+ (Via Amazon Prime),24.0,Amazon,sub,https://cdn.watchmode.com/provider_logos/489_generic_v4.png,,,,,"['AR', 'AT', 'AU', 'BR', 'CA', 'CO', 'DE', 'FR', 'GB', 'IE', 'IT', 'MX', 'US']"
501,Paramount+ (Via Apple TV),522.0,Apple TV,sub,https://cdn.watchmode.com/provider_logos/501_generic_v4.png,,,,,"['AR', 'AT', 'AU', 'BR', 'CA', 'CH', 'CO', 'DE', 'FR', 'GB', 'IE', 'IT', 'MX', 'US']"
621,Pathé Home,,,purchase,https://cdn.watchmode.com/provider_logos/621_generic_v4.png,,,,,['FR']
637,Pathé Thuis,,,purchase,https://cdn.watchmode.com/provider_logos/637_generic_v4.png,,,,,['NL']
217,PBS Kids,,,free,https://cdn.watchmode.com/provider_logos/pbs_kids_100px.png,http://itunes.apple.com/app/pbs-kids-video/id435138734,https://play.google.com/store/apps/details?id=org.pbskids.video,,,['US']
485,PBS Masterpiece (Via Amazon Prime),24.0,Amazon,sub,https://cdn.watchmode.com/provider_logos/485_generic_v4.png,,,,,"['CA', 'US']"
565,Peacock Premium Plus Amazon Channel,24.0,Amazon,sub,https://cdn.watchmode.com/provider_logos/565_generic_v4.png,,,,,['US']
468,Philo,,,sub,https://cdn.watchmode.com/provider_logos/468_generic_v4.png,,,,,['US']
666,Philo Free,,,free,https://cdn.watchmode.com/provider_logos/666_generic_v4.png,,,,,['US']
638,Pilot WP,,,sub,https://cdn.watchmode.com/provider_logos/638_generic_v4.png,,,,,['PL']
616,Play Suisse,,,free,https://cdn.watchmode.com/provider_logos/616_generic_v4.png,,,,,['CH']
620,Player,,,purchase,https://cdn.watchmode.com/provider_logos/620_generic_v4.png,,,,,['PL']
463,Plex,,,purchase,https://cdn.watchmode.com/provider_logos/463_generic_v4.png,,,,,"['US', 'AU', 'NZ', 'FR', 'CA', 'GB', 'BR', 'ES', 'IN', 'AT', 'IT', 'AR', 'BE', 'CO', 'DK', 'FI', 'DE', 'IS', 'IE', 'JP', 'MX', 'NL', 'NO', 'PL', 'PT', 'SG', 'KR', 'SE', 'CH']"
391,Pluto TV,,,free,https://cdn.watchmode.com/provider_logos/391_generic_v4.png,,,,,"['US', 'DE', 'BR', 'AR', 'CO', 'MX', 'NO', 'SE', 'DK', 'FR', 'CA', 'GB', 'ES', 'IT', 'AT', 'CH']"
225,Popcornflix,,,free,https://cdn.watchmode.com/provider_logos/popcornflix_100px.png,http://itunes.apple.com/app/popcornflix-free-movies/id493605531,https://play.google.com/store/apps/details?id=com.curiousbrain.popcornflix,,,['US']
584,Premier Sports,,,sub,https://cdn.watchmode.com/provider_logos/584_generic_v4.png,,,,,['CA']
535,Premiere Max,,,purchase,https://cdn.watchmode.com/provider_logos/535_generic_v4.png,,,,,['FR']
25,Prime Video Free,,,free,https://cdn.watchmode.com/provider_logos/primeVideo_free_100px.png,http://itunes.apple.com/app/amazon-instant-video/id5455193,http://amazon.com/GetAndroidVideo,,,"['AU', 'CA', 'GB', 'NZ', 'US']"
688,RaiPlay,,,free,https://cdn.watchmode.com/provider_logos/688_generic_v4.png,,,,,['IT']
417,Rakuten TV,,,purchase,https://cdn.watchmode.com/provider_logos/417_generic_v4.png,,,,,"['DE', 'AT', 'CH', 'BE', 'FR', 'GB', 'IE', 'DK', 'NL', 'IT', 'PT', 'FI', 'NO', 'SE', 'ES', 'PL']"
471,Rakuten Viki,,,sub,https://cdn.watchmode.com/provider_logos/471_generic_v4.png,,,,,"['CA', 'DE', 'ES', 'IS', 'US']"
580,RDS,,,sub,https://cdn.watchmode.com/provider_logos/580_generic_v4.png,,,,,['CA']
589,RDS (Via Amazon Prime),24.0,Amazon,sub,https://cdn.watchmode.com/provider_logos/589_generic_v4.png,,,,,['CA']
503,RTL+,,,sub,https://cdn.watchmode.com/provider_logos/503_generic_v4.png,,,,,"['AT', 'DE']"
653,RTVE Play,,,free,https://cdn.watchmode.com/provider_logos/653_generic_v4.png,,,,,['ES']
541,Ruutu,,,sub,https://cdn.watchmode.com/provider_logos/541_generic_v4.png,,,,,['FI']
429,SBS On Demand,,,free,https://cdn.watchmode.com/provider_logos/429_generic_v4.png,,,,sbsondemand,['AU']
237,Science GO,,,tve,https://cdn.watchmode.com/provider_logos/scigo_100px.png,http://itunes.apple.com/app/id1111281685,https://play.google.com/store/apps/details?id=com.discovery.scigo,sci-go,sci-go,['US']
487,SF Anytime,,,purchase,https://cdn.watchmode.com/provider_logos/487_generic_v4.png,,,,,"['DK', 'FI', 'NO', 'SE']"
575,SFR Play,,,sub,https://cdn.watchmode.com/provider_logos/575_generic_v4.png,,,,,['FR']
246,Shout! Factory TV,,,free,https://cdn.watchmode.com/provider_logos/shout_100px.png,,,,,['US']
536,Sky,,,sub,https://cdn.watchmode.com/provider_logos/536_generic_v4.png,,,,,['CH']
592,Sky Sports,,,sub,https://cdn.watchmode.com/provider_logos/592_generic_v4.png,,,,,['GB']
411,Sky Store,,,purchase,https://cdn.watchmode.com/provider_logos/411_generic_v4.png,,,,,"['GB', 'DE', 'AT', 'CH', 'IE']"
598,Sky X,,,sub,https://cdn.watchmode.com/provider_logos/598_generic_v4.png,,,,,['AT']
519,Sling TV,,,sub,https://cdn.watchmode.com/provider_logos/519_generic_v4.png,,,,,['US']
668,Sling TV Orange,,,sub,https://cdn.watchmode.com/provider_logos/668_generic_v4.png,,,,,['US']
459,Sony LIV,,,sub,https://cdn.watchmode.com/provider_logos/459_generic_v4.png,,,,,['IN']
603,Sooner,,,purchase,https://cdn.watchmode.com/provider_logos/603_generic_v4.png,,,,,"['BE', 'FR', 'NL']"
259,South Park Studios,,,free,https://cdn.watchmode.com/provider_logos/sps_100px.png,,,,,['US']
590,Sportsnet (Via Amazon Prime),24.0,Amazon,sub,https://cdn.watchmode.com/provider_logos/590_generic_v4.png,,,,,['CA']
582,Sportsnet+,,,sub,https://cdn.watchmode.com/provider_logos/582_generic_v4.png,,,,,['CA']
482,StackTV (Via Amazon Prime),24.0,Amazon,sub,https://cdn.watchmode.com/provider_logos/482_generic_v4.png,,,,,['CA']
386,STARZ (Via Hulu),157.0,Hulu,sub,https://cdn.watchmode.com/provider_logos/386_generic_v4.png,,,hulu,hulu,['US']
495,Strim,,,sub,https://cdn.watchmode.com/provider_logos/495_generic_v4.png,,,,,['NO']
433,Sun Nxt,,,sub,https://cdn.watchmode.com/provider_logos/433_generic_v4.png,,,,,"['US', 'CA', 'AU', 'IN', 'NZ', 'IS', 'SG', 'ZA']"
267,Sundance,,,tve,https://cdn.watchmode.com/provider_logos/sundance_100px.png,,,,onemainstream.MG9WJCOV,"['US', 'CA']"
268,SundanceNow Doc Club,,,sub,https://cdn.watchmode.com/provider_logos/sundance_now_100px.png,http://itunes.apple.com/app/sundancenow-doc-club-documentaries/id879902807,https://play.google.com/store/apps/details?id=com.dramafever.docclub,,,"['US', 'CA']"
635,SVT,,,free,https://cdn.watchmode.com/provider_logos/635_generic_v4.png,,,,,['SE']
415,Talk Talk TV,,,purchase,https://cdn.watchmode.com/provider_logos/415_generic_v4.png,,,,,['GB']
272,TBS,,,tve,https://cdn.watchmode.com/provider_logos/tbs_100px.png,http://itunes.apple.com/app/watch-tbs/id462780547,https://play.google.com/store/apps/details?id=com.turner.tbs.android.networkapp,watchtbs,watchtbs,['US']
687,Télé-Québec,,,free,https://cdn.watchmode.com/provider_logos/687_generic_v4.png,,,,,['CA']
514,Tele2 Play,,,sub,https://cdn.watchmode.com/provider_logos/514_generic_v4.png,,,,,['SE']
656,Telenet,,,sub,https://cdn.watchmode.com/provider_logos/656_generic_v4.png,,,,,['BE']
605,TELETOON+ Amazon Channel,24.0,Amazon,sub,https://cdn.watchmode.com/provider_logos/605_generic_v4.png,,,,,['CA']
619,Telia Play,,,purchase,https://cdn.watchmode.com/provider_logos/619_generic_v4.png,,,,,['FI']
528,Tennis Channel,,,sub,https://cdn.watchmode.com/provider_logos/528_generic_v4.png,,,,,['US']
529,Tennis Channel Amazon Channel,24.0,Amazon,sub,https://cdn.watchmode.com/provider_logos/529_generic_v4.png,,,,,['US']
430,tenplay,,,free,https://cdn.watchmode.com/provider_logos/430_generic_v4.png,,,,tenplay,['AU']
545,TF1+,,,sub,https://cdn.watchmode.com/provider_logos/545_generic_v4.png,,,,,['FR']
601,ThreeNow,,,free,https://cdn.watchmode.com/provider_logos/601_generic_v4.png,,,,,['NZ']
544,Timvision,,,purchase,https://cdn.watchmode.com/provider_logos/544_generic_v4.png,,,,,['IT']
652,Tivify,,,free,https://cdn.watchmode.com/provider_logos/652_generic_v4.png,,,,,['ES']
274,TLC GO,,,tve,https://cdn.watchmode.com/provider_logos/tlcgo_100px.png,http://itunes.apple.com/app/id1101436320,https://play.google.com/store/apps/details?id=com.discovery.tlcgo,tlc-go,tlc-go,['US']
276,TNT,,,tve,https://cdn.watchmode.com/provider_logos/tnt_100px.png,http://itunes.apple.com/app/watch-tnt/id460494135,https://play.google.com/store/apps/details?id=com.turner.tnt.android.networkapp,watchtnt,watchtnt,['US']
548,Toggo,,,free,https://cdn.watchmode.com/provider_logos/548_generic_v4.png,,,,,['DE']
292,Travel Channel,,,free,https://cdn.watchmode.com/provider_logos/trvl_100px.png,,,,trav-go,['US']
353,truTV,,,tve,https://cdn.watchmode.com/provider_logos/trutv_100px.png,http://itunes.apple.com/app/watch-trutv/id396972659,https://play.google.com/store/apps/details?id=com.turner.trutv,watchtrutv,watchtrutv,['US']
579,TSN,,,sub,https://cdn.watchmode.com/provider_logos/579_generic_v4.png,,,,,['CA']
588,TSN (Via Amazon Prime),24.0,Amazon,sub,https://cdn.watchmode.com/provider_logos/588_generic_v4.png,,,,,['CA']
581,TSN Plus,,,sub,https://cdn.watchmode.com/provider_logos/581_generic_v4.png,,,,,['CA']
574,TV 2,,,sub,https://cdn.watchmode.com/provider_logos/574_generic_v4.png,,,,,['DK']
542,TV 2 Play,,,purchase,https://cdn.watchmode.com/provider_logos/542_generic_v4.png,,,,,['NO']
277,TV Land,,,tve,https://cdn.watchmode.com/provider_logos/tvland_100px.png,http://itunes.apple.com/us/app/tv-land/id1065978080,https://play.google.com/store/apps/details?id=com.vmn.playplex.tvland,tvlandnetworkapp,tvlandnetworkapp,['US']
278,TV Land,,,free,https://cdn.watchmode.com/provider_logos/tvland_100px.png,http://itunes.apple.com/us/app/tv-land/id1065978080,https://play.google.com/store/apps/details?id=com.vmn.playplex.tvland,tvlandnetworkapp,tvlandnetworkapp,['US']
571,TV4 Play,,,sub,https://cdn.watchmode.com/provider_logos/571_generic_v4.png,,,,,['SE']
591,TVA Sports Direct (Via Amazon Prime),24.0,Amazon,sub,https://cdn.watchmode.com/provider_logos/591_generic_v4.png,,,,,['CA']
583,TVA+,,,sub,https://cdn.watchmode.com/provider_logos/583_generic_v4.png,,,,,['CA']
513,TVING,,,sub,https://cdn.watchmode.com/provider_logos/513_generic_v4.png,,,,,['KR']
539,TVNZ+,,,free,https://cdn.watchmode.com/provider_logos/539_generic_v4.png,,,,,['NZ']
508,U-NEXT,,,sub,https://cdn.watchmode.com/provider_logos/508_generic_v4.png,,,,,['JP']
416,UKTV Play,,,free,https://cdn.watchmode.com/provider_logos/416_generic_v4.png,,,,uktvplay,['GB']
502,Universal+ (Via Amazon Prime),24.0,Amazon,sub,https://cdn.watchmode.com/provider_logos/502_generic_v4.png,,,,,"['AR', 'BE', 'BR', 'CO', 'FR', 'MX']"
570,UPC TV,,,purchase,https://cdn.watchmode.com/provider_logos/570_generic_v4.png,,,,,['CH']
298,USA,,,free,https://cdn.watchmode.com/provider_logos/usa_100px.png,http://itunes.apple.com/app/usa-now/id661695783,https://play.google.com/store/apps/details?id=com.usanetwork.watcher,usatve,usatve,['US']
302,VH1,,,free,https://cdn.watchmode.com/provider_logos/vh1_100px.png,http://itunes.apple.com/app/vh1/id413522634,https://play.google.com/store/apps/details?id=com.mtvn.vh1android,vh1networkapp,vh1networkapp,['US']
303,VH1,,,tve,https://cdn.watchmode.com/provider_logos/vh1_100px.png,http://itunes.apple.com/app/vh1/id413522634,https://play.google.com/store/apps/details?id=com.mtvn.vh1android,vh1networkapp,vh1networkapp,['US']
597,VI movies and tv,,,sub,https://cdn.watchmode.com/provider_logos/597_generic_v4.png,,,,,['IN']
486,Viaplay,,,purchase,https://cdn.watchmode.com/provider_logos/486_generic_v4.png,,,,,"['DK', 'FI', 'IS', 'NL', 'NO', 'SE']"
305,Vice TV,,,tve,https://cdn.watchmode.com/provider_logos/viceland_100px.png,http://itunes.apple.com/app/viceland/id1075922366,https://play.google.com/store/apps/details?id=com.vice.viceland,,,['US']
547,Videobuster,,,purchase,https://cdn.watchmode.com/provider_logos/547_generic_v4.png,,,,,['DE']
511,Videoload,,,purchase,https://cdn.watchmode.com/provider_logos/511_generic_v4.png,,,,,['DE']
313,Vimeo,,,free,https://cdn.watchmode.com/provider_logos/vimeo_100px.png,http://itunes.apple.com/app/vimeo/id425194759,https://play.google.com/store/apps/details?id=com.vimeo.android.videoapp,,,['US']
446,Virgin TV GO,,,sub,https://cdn.watchmode.com/provider_logos/446_generic_v4.png,,,,,['GB']
655,Viu,,,sub,https://cdn.watchmode.com/provider_logos/655_generic_v4.png,,,,,['SG']
534,VIVA by videofutur,,,purchase,https://cdn.watchmode.com/provider_logos/534_generic_v4.png,,,,,['FR']
474,ViX,,,free,https://cdn.watchmode.com/provider_logos/474_generic_v4.png,,,,,"['AR', 'CO', 'MX', 'US']"
330,Watch Food Network,,,tve,https://cdn.watchmode.com/provider_logos/foodnet_100px.png,http://itunes.apple.com/app/watch-food-network/id642410271,https://play.google.com/store/apps/details?id=com.foodnetwork.watcher,,food-go,['US']
331,Watch HGTV,,,tve,https://cdn.watchmode.com/provider_logos/hgtv_100px.png,http://itunes.apple.com/app/hgtv-watch/id376038666,https://play.google.com/store/apps/details?id=com.hgtv.watcher,,hgtv-go,['US']
332,Watch TCM,,,tve,https://cdn.watchmode.com/provider_logos/tcm_100px.png,http://itunes.apple.com/app/watch-tcm/id341161319,https://play.google.com/store/apps/details?id=com.tcm.tcm,,,['US']
333,Watch Travel Channel,,,tve,https://cdn.watchmode.com/provider_logos/trvl_100px.png,http://itunes.apple.com/app/watch-travel-channel/id596546023,https://play.google.com/store/apps/details?id=com.travelchannel.watcher,,,['US']
509,Watcha,,,sub,https://cdn.watchmode.com/provider_logos/509_generic_v4.png,,,,,['KR']
515,wavve,,,sub,https://cdn.watchmode.com/provider_logos/515_generic_v4.png,,,,,['KR']
315,WE tv,,,tve,https://cdn.watchmode.com/provider_logos/wetv_100px.png,http://itunes.apple.com/app/we-tv-mobile-for-ipad/id546812802,https://play.google.com/store/apps/details?id=com.wetv.WEtviPhoneApp,,,['US']
478,WETA+,,,sub,https://cdn.watchmode.com/provider_logos/478_generic_v4.png,,,,,['US']
398,Windows Store,,,purchase,https://cdn.watchmode.com/provider_logos/windows_store_100px.png,,,,,"['AU', 'BR', 'CA', 'GB', 'US']"
524,WNBA League Pass,,,sub,https://cdn.watchmode.com/provider_logos/524_generic_v4.png,,,,,['US']
537,WOW,,,sub,https://cdn.watchmode.com/provider_logos/537_generic_v4.png,,,,,['DE']
540,WOW Presents Plus,,,sub,https://cdn.watchmode.com/provider_logos/540_generic_v4.png,,,,,"['AR', 'AT', 'AU', 'BE', 'BR', 'CA', 'CH', 'CO', 'DE', 'DK', 'ES', 'FI', 'FR', 'GB', 'IE', 'IN', 'IS', 'IT', 'JP', 'KR', 'MX', 'NL', 'NO', 'NZ', 'PL', 'PT', 'SE', 'SG', 'US', 'ZA']"
472,Xumo Play,,,free,https://cdn.watchmode.com/provider_logos/472_generic_v4.png,,,,,['US']
685,Yle Areena,,,free,https://cdn.watchmode.com/provider_logos/685_generic_v4.png,,,,,['FI']
345,YouTube,,,free,https://cdn.watchmode.com/provider_logos/youtube_100px.png,http://itunes.apple.com/app/youtube/id544007664,https://play.google.com/store/apps/details?id=com.google.android.youtube,,youtube,"['GB', 'US', 'DE', 'CA']"
469,YouTube TV,,,sub,https://cdn.watchmode.com/provider_logos/469_generic_v4.png,,,,,['US']
552,ZDF,,,free,https://cdn.watchmode.com/provider_logos/552_generic_v4.png,,,,,"['AT', 'CH', 'DE']"
450,Zee5,,,sub,https://cdn.watchmode.com/provider_logos/450_generic_v4.png,,,,,"['IN', 'AE', 'AT', 'BG', 'CH', 'CL', 'CZ', 'DK', 'EC', 'EE', 'FI', 'GR', 'HK', 'HU', 'IE', 'IL', 'IS', 'LT', 'MY', 'NO', 'PA', 'PE', 'PH', 'PL', 'PT', 'RO', 'RS', 'SE', 'SG', 'TR', 'ZA', 'HR', 'ID', 'RU', 'TH', 'UA', 'VN', 'AU', 'AR', 'CO', 'FR', 'MX', 'IT', 'JP', 'KR', 'DE', 'NZ', 'BE', 'NL']"
