id,title,year,imdb_id,tmdb_id,tmdb_type,type,popularity_percentile
3207934,The Gentlemen,2024,tt13210838,236235,tv,tv_series,99.991
3316982,The Grand Tour,2026,tt44974627,329471,tv,tv_series,99.226
3213685,Ride or Die,2026,tt30494226,241882,tv,tv_series,98.55
3193975,The Mighty Nein,2025,tt26453092,219080,tv,tv_series,96.535
3208128,On Call,2025,tt14582876,236429,tv,tv_series,96.897
3200693,The Bondsman,2025,tt28256288,229711,tv,tv_series,96.078
3227542,Young Sherlock,2026,tt8599532,255661,tv,tv_series,98.955
3225967,Steal,2026,tt32499731,254071,tv,tv_series,97.821
3238534,The Beauty,2026,tt33517752,273160,tv,tv_series,98.09
3215871,Motorheads,2025,tt13723084,243954,tv,tv_series,94.823
3171309,Lanterns,2026,tt26545992,95350,tv,tv_series,99.987
1684276,Avatar Aang: The Last Airbender,2026,tt18259538,980431,movie,movie,99.996
1611652,Project Hail Mary,2026,tt12042730,687163,movie,movie,99.997
3229346,Bait,2026,tt32252887,257519,tv,tv_series,96.079
1855581,Obsession,2025,tt37287335,1339713,movie,movie,99.999
3235880,Widow's Bay,2026,tt33332385,270476,tv,tv_series,99.155
3229330,A Knight of the Seven Kingdoms,2026,tt27497448,224372,tv,tv_series,99.4
3226469,Spider-Noir,2026,tt30460310,220102,tv,tv_series,99.47
3186375,Daredevil: Born Again,2025,tt18923754,202555,tv,tv_series,99.558
1908308,Backrooms,2026,tt26657236,1083381,movie,movie,99.997
1700166,Frankenstein,2025,tt1312221,1062722,movie,movie,99.955
3186281,Castlevania: Nocturne,2023,tt14833612,123548,tv,tv_series,96.536
3184877,IT: Welcome to Derry,2025,tt19244304,200875,tv,tv_series,99.12
1943261,Penny Lane Is Dead,2025,tt35670732,1428766,movie,movie,98.923
1564613,The Last of Us,2023,tt3581920,100088,tv,tv_series,99.698
538646,Shōgun,2024,tt2788316,126308,tv,tv_series,99.527
3182322,Alien: Earth,2025,tt13623632,157239,tv,tv_series,98.09
3171564,Fallout,2024,tt12637874,106379,tv,tv_series,99.436
1688507,Nimona,2023,tt19500164,961323,movie,movie,99.276
1543522,Spider-Man: Across the Spider-Verse,2023,tt9362722,569094,movie,movie,99.993
143379,Barbie,2023,tt1517268,346698,movie,movie,99.955
138019,Avatar: Fire and Ash,2025,tt1757678,83533,movie,movie,99.995
3190574,Lockwood & Co.,2023,tt13802576,213241,tv,tv_series,92.631
3185566,Adventure Time: Fionna and Cake,2023,tt15248880,131378,tv,tv_series,99.101
3181750,The Night Agent,2023,tt13918776,129552,tv,tv_series,99.768
3180212,Your Friendly Neighborhood Spider-Man,2025,tt16027074,138503,tv,tv_series,98.778
3171191,ONE PIECE,2023,tt11737520,111110,tv,tv_series,99.034
3168697,The Midnight Gospel,2020,tt11639414,96713,tv,tv_series,93.847
1884698,Predator: Badlands,2025,tt31227572,1242898,movie,movie,99.975
1579870,John Wick: Chapter 4,2023,tt10366206,603692,movie,movie,99.971
1248513,Masters of the Universe,2026,tt0427340,454639,movie,movie,99.994
1154250,Guardians of the Galaxy Vol. 3,2023,tt6791350,447365,movie,movie,99.984
543801,Ahsoka,2023,tt13622776,114461,tv,tv_series,98.701
3242398,Wayne,2019,tt7765404,84231,tv,tv_series,95.531
3241648,The Boroughs,2026,tt27557289,224941,tv,tv_series,98.299
3187182,Solo Leveling,2024,tt21209876,127532,tv,tv_series,99.607
3187145,Gen V,2023,tt13159924,205715,tv,tv_series,99.172
1861369,Supergirl,2026,tt8814476,1081003,movie,movie,99.996
1842343,Apex,2026,tt16431404,1318447,movie,movie,99.971
1833821,The Rip,2026,tt32642706,1306368,movie,movie,99.955
1785478,Zootopia 2,2025,tt26443597,1084242,movie,movie,99.995
1759209,Send Help,2026,tt8036976,1198994,movie,movie,99.961
1592256,Ant-Man and the Wasp: Quantumania,2023,tt10954600,640146,movie,movie,99.935
1587852,The Long Walk,2025,tt10374610,604079,movie,movie,99.935
1566627,Mission: Impossible - Dead Reckoning Part One,2023,tt9603212,575264,movie,movie,99.952
1546856,The Super Mario Bros. Movie,2023,tt6718170,502356,movie,movie,99.975
1112635,Dungeons & Dragons: Honor Among Thieves,2023,tt2906216,493529,movie,movie,99.914
3195245,Frieren: Beyond Journey's End,2023,tt22248376,209867,tv,tv_series,99.858
3184495,Dead Boy Detectives,2024,tt15358446,132750,tv,tv_series,92.631
3170258,Avatar: The Last Airbender,2024,tt9018736,82452,tv,tv_series,99.785
1823785,Toy Story 5,2026,tt29355505,1084244,movie,movie,99.999
1781431,Star Wars: The Mandalorian and Grogu,2026,tt30825738,1228710,movie,movie,99.997
1697113,Godzilla Minus One,2023,tt23289160,940721,movie,movie,99.929
1451299,The Flash,2023,tt0439572,298618,movie,movie,99.959
1450589,Indiana Jones and the Dial of Destiny,2023,tt1462764,335977,movie,movie,99.929
3213345,Murderbot,2025,tt30444310,241554,tv,tv_series,98.55
3195914,Blue Eye Samurai,2023,tt13309742,225180,tv,tv_series,97.818
1810796,28 Years Later: The Bone Temple,2026,tt32141377,1272837,movie,movie,99.955
1805677,War Machine,2026,tt15940132,1265609,movie,movie,99.984
1768658,Evil Dead Burn,2026,tt31170389,1212763,movie,movie,99.994
1689634,Talk to Me,2022,tt10638522,1008042,movie,movie,99.935
1662726,Mortal Kombat II,2026,tt17490712,931285,movie,movie,99.989
1646081,The Covenant,2023,tt4873118,882569,movie,movie,99.952
1639425,The Running Man,2025,tt14107334,798645,movie,movie,99.951
1608538,The Creator,2023,tt11858890,670292,movie,movie,99.876
1514676,Wolfwalkers,2020,tt5198068,441130,movie,movie,99.728
544570,Wonder Man,2026,tt21066182,198178,tv,tv_series,97.635
3287641,Percy Jackson and the Olympians,2023,tt12324366,103540,tv,tv_series,99.47
3212158,Dan Da Dan,2024,tt30217403,240411,tv,tv_series,99.069
3197884,Star Trek: Starfleet Academy,2026,tt8622160,223530,tv,tv_series,98.622
3185624,Monarch: Legacy of Monsters,2023,tt17220216,202411,tv,tv_series,98.548
3182829,X-Men '97,2024,tt16026746,138502,tv,tv_series,99.364
3181703,Rabbit Hole,2023,tt5822112,156819,tv,tv_series,95.531
3172165,Dota: Dragon's Blood,2021,tt14069590,118956,tv,tv_series,96.897
3165325,House of the Dragon,2022,tt11198330,94997,tv,tv_series,99.949
3153801,The Mandalorian,2019,tt8111088,82856,tv,tv_series,99.727
3119872,The Boys,2019,tt1190634,76479,tv,tv_series,99.935
1885279,The Super Mario Galaxy Movie,2026,tt28650488,1226863,movie,movie,99.994
1874486,Predator: Killer of Killers,2025,tt36463894,1376434,movie,movie,99.876
1641136,The Hunger Games: The Ballad of Songbirds & Snakes,2023,tt10545296,695721,movie,movie,99.903
1615221,Evil Dead Rise,2023,tt13345606,713704,movie,movie,99.952
1612820,Extraction II,2023,tt12263384,697843,movie,movie,99.859
1589918,Spider-Man: No Way Home,2021,tt10872600,634649,movie,movie,99.997
1588000,The Marvels,2023,tt10676048,609681,movie,movie,99.903
1521565,The Little Mermaid,2023,tt5971474,447277,movie,movie,99.929
1496273,Dune: Part One,2021,tt1160419,438631,movie,movie,99.987
1450054,Avengers: Endgame,2019,tt4154796,299534,movie,movie,99.994
1437213,Top Gun: Maverick,2022,tt1745960,361743,movie,movie,99.991
3207606,Devil May Cry,2025,tt15716776,235930,tv,tv_series,98.2
3182718,Wednesday,2022,tt13443470,119051,tv,tv_series,99.811
3180045,Reacher,2022,tt9288030,108978,tv,tv_series,99.999
3179773,FROM,2022,tt9813792,124364,tv,tv_series,99.961
3178198,Arcane,2021,tt11126994,94605,tv,tv_series,99.727
3170425,JUJUTSU KAISEN,2020,tt12343534,95479,tv,tv_series,99.88
3158249,Loki,2021,tt9140554,84958,tv,tv_series,99.797
3157435,The Lord of the Rings: The Rings of Power,2022,tt7631058,84773,tv,tv_series,99.888
3153842,The Witcher,2019,tt5180504,71912,tv,tv_series,99.684
3130479,The Umbrella Academy,2019,tt1312171,75006,tv,tv_series,99.172
1944511,Hokum,2026,tt35672862,1430077,movie,movie,99.971
1832369,Lee Cronin's The Mummy,2026,tt32612507,1304313,movie,movie,99.979
1806067,Ready or Not 2: Here I Come,2026,tt33978029,1266127,movie,movie,99.971
1783110,Sinners,2025,tt31193180,1233413,movie,movie,99.978
1681576,The Equalizer 3,2023,tt17024450,926393,movie,movie,99.903
1675416,Scream VI,2023,tt17663992,934433,movie,movie,99.961
1615420,Bullet Train,2022,tt12593682,718930,movie,movie,99.942
1594758,Shazam! Fury of the Gods,2023,tt10151854,594767,movie,movie,99.859
1583908,The Menu,2022,tt9764362,593643,movie,movie,99.914
1567837,Shang-Chi and the Legend of the Ten Rings,2021,tt9376612,566525,movie,movie,99.959
1566260,Tenet,2020,tt6723592,577922,movie,movie,99.959
1560295,Doctor Strange in the Multiverse of Madness,2022,tt9419884,453395,movie,movie,99.975
1546240,Five Nights at Freddy's,2023,tt4589218,507089,movie,movie,99.942
1534152,Free Guy,2021,tt6264654,550988,movie,movie,99.958
1526285,INVINCIBLE,2021,tt6741278,95557,tv,tv_series,99.841
1516721,Everything Everywhere All at Once,2022,tt6710474,545611,movie,movie,99.967
1484247,Midsommar,2019,tt8772262,530385,movie,movie,99.954
1359294,Star Wars: Episode IX - The Rise of Skywalker,2019,tt2527338,181812,movie,movie,99.922
1357314,Spider-Man: Far from Home,2019,tt6320628,429617,movie,movie,99.984
1137596,Ford v Ferrari,2019,tt1950186,359724,movie,movie,99.935
1130466,Fast X,2023,tt5433140,385687,movie,movie,99.974
167043,Captain Marvel,2019,tt4154664,299537,movie,movie,99.954
138018,Avatar: The Way of Water,2022,tt1630029,76600,movie,movie,99.977
544157,The Walking Dead: Dead City,2023,tt18546730,194583,tv,tv_series,99.785
3266776,Helluva Boss,2019,tt10691770,289892,tv,tv_series,98.87
3238982,Citadel,2023,tt9794044,114922,tv,tv_series,99.034
3171025,Peacemaker,2022,tt13146488,110492,tv,tv_series,99.268
3166158,Lupin,2021,tt2531336,96677,tv,tv_series,99.226
3165295,Hazbin Hotel,2024,tt7216636,94954,tv,tv_series,99.778
3164117,What If...?,2021,tt10168312,91363,tv,tv_series,99.527
3163065,Pennyworth,2019,tt8425532,79588,tv,tv_series,96.536
3162432,The Wheel of Time,2021,tt7462410,71914,tv,tv_series,99.436
3160845,"Love, Death & Robots",2019,tt9561862,86831,tv,tv_series,99.069
3159357,Amphibia,2019,tt8050740,85349,tv,tv_series,98.954
2783601,Together,2025,tt31184028,1242011,movie,movie,99.774
1892965,Hoppers,2026,tt26443616,1327819,movie,movie,99.99
1892952,Weapons,2025,tt26581740,1078605,movie,movie,99.974
1837570,F1: The Movie,2025,tt16311594,911430,movie,movie,99.977
1703330,Superman,2025,tt5950044,1061474,movie,movie,99.984
1687028,Gran Turismo,2023,tt4495098,980489,movie,movie,99.914
1646041,Knock at the Cabin,2023,tt15679400,631842,movie,movie,99.728
1612693,Transformers: Rise of the Beasts,2023,tt5090568,667538,movie,movie,99.942
1612493,Zack Snyder's Justice League,2021,tt12361974,791373,movie,movie,99.954
1604834,Sound of Freedom,2023,tt7599146,678512,movie,movie,99.774
1584304,Thor: Love and Thunder,2022,tt10648342,616037,movie,movie,99.967
1583847,Nobody,2021,tt7888964,615457,movie,movie,99.929
1568212,Tron: Ares,2025,tt6604188,533533,movie,movie,99.914
1513054,The Gentlemen,2019,tt8367814,522627,movie,movie,99.955
1501613,Black Widow,2021,tt3480822,497698,movie,movie,99.964
1496510,The Suicide Squad,2021,tt6334354,436969,movie,movie,99.952
1491945,Black Panther: Wakanda Forever,2022,tt9114286,505642,movie,movie,99.971
1490260,Eternals,2021,tt9032400,524434,movie,movie,99.942
1452255,Us,2019,tt6857112,458723,movie,movie,99.875
1343132,Shazam!,2019,tt0448115,287947,movie,movie,99.859
1318351,Red Notice,2021,tt7991608,512195,movie,movie,99.836
1193410,John Wick: Chapter 3 - Parabellum,2019,tt6146586,458156,movie,movie,99.959
1187767,It: Chapter Two,2019,tt7349950,474350,movie,movie,99.935
157269,No Time to Die,2021,tt2382320,370172,movie,movie,99.946
3227633,Haunted Hotel,2025,tt32499579,255752,tv,tv_series,98.09
3209879,Kaiju No. 8,2024,tt21975436,207468,tv,tv_series,99.684
3196837,The Eternaut,2025,tt27740241,226362,tv,tv_series,95.535
3191933,The Walking Dead: Daryl Dixon,2023,tt13062500,211684,tv,tv_series,98.955
3188103,Outlander: Blood of My Blood,2025,tt18332852,207484,tv,tv_series,97.969
3185899,Skeleton Crew,2024,tt20600980,202879,tv,tv_series,97.166
3184203,Mr. & Mrs. Smith,2024,tt14044212,118642,tv,tv_series,96.076
3182880,Twisted Metal,2023,tt14261112,133748,tv,tv_series,98.09
3182399,The Terminal List,2022,tt11743610,120911,tv,tv_series,99.527
3177205,Yellowjackets,2021,tt11041332,117488,tv,tv_series,99.226
3168647,Outer Banks,2020,tt10293938,100757,tv,tv_series,99.927
3168508,Alex Rider,2020,tt6964748,99799,tv,tv_series,96.536
3162280,Demon Slayer: Kimetsu no Yaiba,2019,tt9335498,85937,tv,tv_series,97.967
3155995,What We Do in the Shadows,2019,tt7908628,83631,tv,tv_series,99.436
350163,Halo,2022,tt2934286,52814,tv,tv_series,99.268
1901214,Swapped,2026,tt29552248,1007757,movie,movie,99.986
1824485,They Will Kill You,2026,tt31728330,1292695,movie,movie,99.922
1685674,Wicked: For Good,2025,tt19847976,967941,movie,movie,99.935
1685606,Thunderbolts*,2025,tt20969586,986056,movie,movie,99.983
1629314,Blue Beetle,2023,tt9362930,565770,movie,movie,99.809
1623260,Prey,2022,tt11866324,766507,movie,movie,99.875
1620824,The Smashing Machine,2025,tt11214558,760329,movie,movie,99.724
1617958,Operation Fortune: Ruse de Guerre,2023,tt7985704,739405,movie,movie,99.774
1616014,The Gray Man,2022,tt1649418,725201,movie,movie,99.902
1595152,Renfield,2023,tt11358390,649609,movie,movie,99.669
1595029,The Northman,2022,tt11138512,639933,movie,movie,99.942
1593277,The Fantastic Four: First Steps,2025,tt10676052,617126,movie,movie,99.988
1591366,Nope,2022,tt10954984,762504,movie,movie,99.876
1586906,Venom: Let There Be Carnage,2021,tt7097896,580489,movie,movie,99.959
1586886,The Matrix Resurrections,2021,tt10838180,624860,movie,movie,99.914
1581143,"Good Luck, Have Fun, Don't Die",2025,tt1341338,1119449,movie,movie,99.961
1540132,The Invisible Man,2020,tt1051906,570670,movie,movie,99.836
1515637,A Quiet Place Part II,2020,tt8332922,520763,movie,movie,99.929
1515072,Uncharted,2022,tt1464335,335787,movie,movie,99.914
1505741,Extraction,2020,tt8936646,545609,movie,movie,99.809
1504520,Black Adam,2022,tt6443346,436270,movie,movie,99.964
1494390,Birds of Prey and the Fantabulous Emancipation of One Harley Quinn,2020,tt7713068,495764,movie,movie,99.903
1471731,Wonder Woman 1984,2020,tt7126948,464052,movie,movie,99.876
1438469,Toy Story 4,2019,tt1979376,301528,movie,movie,99.967
1403456,The Lion King,2019,tt6105098,420818,movie,movie,99.914
1195406,Jumanji: The Next Level,2019,tt7975244,512200,movie,movie,99.942
122224,Alita: Battle Angel,2019,tt0437086,399579,movie,movie,99.946
120878,Aladdin,2019,tt6139732,420817,movie,movie,99.903
3224153,Last Samurai Standing,2025,tt32237534,252193,tv,tv_series,99.034
3197140,Bloodhounds,2023,tt26315487,127529,tv,tv_series,99.069
3194977,FUBAR,2023,tt13064902,221300,tv,tv_series,96.897
3194539,My Adventures with Superman,2023,tt14681924,125928,tv,tv_series,98.549
3189665,Tracker,2024,tt13875494,211288,tv,tv_series,99.824
3186703,Renegade Nell,2024,tt14502758,157569,tv,tv_series,97.166
3185315,Chainsaw Man,2022,tt13616990,114410,tv,tv_series,99.069
3182029,Hell's Paradise,2023,tt13911284,117465,tv,tv_series,99.172
3175655,All of Us Are Dead,2022,tt14169960,99966,tv,tv_series,99.033
3170347,Star Trek: Strange New Worlds,2022,tt12327578,103516,tv,tv_series,99.89
3164931,Jurassic World: Camp Cretaceous,2020,tt10436228,93741,tv,tv_series,99.033
3160193,Star Trek: Picard,2020,tt8806524,85949,tv,tv_series,99.32
3105068,See,2019,tt7949218,80752,tv,tv_series,99.12
1785174,Anaconda,2025,tt33244668,1234731,movie,movie,99.922
1773066,Chainsaw Man - The Movie: Reze Arc,2025,tt30472557,1218925,movie,movie,99.977
1757952,Black Phone 2,2025,tt29644189,1197137,movie,movie,99.929
1686691,The Pope's Exorcist,2023,tt13375076,758323,movie,movie,99.588
1653388,Mickey 17,2025,tt12299608,696506,movie,movie,99.935
1650358,Barbarian,2022,tt15791034,913290,movie,movie,99.892
1645477,Smile,2022,tt15474916,882598,movie,movie,99.876
1644435,Dune: Part Two,2024,tt15239678,693134,movie,movie,99.987
1624514,X,2022,tt13560574,760104,movie,movie,99.903
1620681,The Black Phone,2021,tt7144666,756999,movie,movie,99.857
1618201,65,2023,tt12261776,700391,movie,movie,99.857
1609996,The Adam Project,2022,tt2463208,696806,movie,movie,99.809
1603320,Creed III,2023,tt11145118,677179,movie,movie,99.774
1592516,Plane,2023,tt5884796,646389,movie,movie,99.728
1583831,Meg 2: The Trench,2023,tt9224104,615656,movie,movie,99.964
1583797,The Tomorrow War,2021,tt9777666,588228,movie,movie,99.935
1566628,Mission: Impossible - The Final Reckoning,2025,tt9603208,575265,movie,movie,99.983
1565036,Puss in Boots: The Last Wish,2022,tt3915174,315162,movie,movie,99.959
1564077,Enola Holmes,2020,tt7846844,497582,movie,movie,99.809
1559109,Ready or Not,2019,tt7798634,567609,movie,movie,99.929
1553969,Ghostbusters: Afterlife,2021,tt4513678,425909,movie,movie,99.929
1480917,Zombieland: Double Tap,2019,tt1560220,338967,movie,movie,99.809
1472956,X-Men: Dark Phoenix,2019,tt6565702,320288,movie,movie,99.952
1195869,Jurassic World: Dominion,2022,tt8041270,507086,movie,movie,99.946
1195601,Jungle Cruise,2021,tt0870154,451048,movie,movie,99.836
1167187,Fast & Furious Presents: Hobbs & Shaw,2019,tt6806448,384018,movie,movie,99.935
1150103,Godzilla: King of the Monsters,2019,tt3741700,373571,movie,movie,99.914
1150091,Godzilla vs. Kong,2021,tt5034838,399566,movie,movie,99.914
